<?xml version="1.0" encoding="UTF-8" ?>
<!DOCTYPE mapper PUBLIC "-//mybatis.org//DTD Mapper 3.0//EN" "http://mybatis.org/dtd/mybatis-3-mapper.dtd" >
<mapper namespace="bhz.mapper.PayMapper" >
  <resultMap id="BaseResultMap" type="bhz.entity.Pay" >
    <id column="userid" property="userid" jdbcType="VARCHAR" />
    <result column="username" property="username" jdbcType="VARCHAR" />
    <result column="amount" property="amount" jdbcType="DOUBLE" />
    <result column="detail" property="detail" jdbcType="VARCHAR" />
    <result column="update_by" property="updateBy" jdbcType="VARCHAR" />
    <result column="update_time" property="updateTime" jdbcType="TIMESTAMP" />
  </resultMap>
  <sql id="Base_Column_List" >
    userid, username, amount, detail, update_by, update_time
  </sql>
  <select id="selectByPrimaryKey" resultMap="BaseResultMap" parameterType="java.lang.String" >
    select 
    <include refid="Base_Column_List" />
    from pay
    where userid = #{userid,jdbcType=VARCHAR}
  </select>
  <delete id="deleteByPrimaryKey" parameterType="java.lang.String" >
    delete from pay
    where userid = #{userid,jdbcType=VARCHAR}
  </delete>
  <insert id="insert" parameterType="bhz.entity.Pay" >
    insert into pay (userid, username, amount, 
      detail, update_by, update_time
      )
    values (#{userid,jdbcType=VARCHAR}, #{username,jdbcType=VARCHAR}, #{amount,jdbcType=DOUBLE}, 
      #{detail,jdbcType=VARCHAR}, #{updateBy,jdbcType=VARCHAR}, #{updateTime,jdbcType=TIMESTAMP}
      )
  </insert>
  <insert id="insertSelective" parameterType="bhz.entity.Pay" >
    insert into pay
    <trim prefix="(" suffix=")" suffixOverrides="," >
      <if test="userid != null" >
        userid,
      </if>
      <if test="username != null" >
        username,
      </if>
      <if test="amount != null" >
        amount,
      </if>
      <if test="detail != null" >
        detail,
      </if>
      <if test="updateBy != null" >
        update_by,
      </if>
      <if test="updateTime != null" >
        update_time,
      </if>
    </trim>
    <trim prefix="values (" suffix=")" suffixOverrides="," >
      <if test="userid != null" >
        #{userid,jdbcType=VARCHAR},
      </if>
      <if test="username != null" >
        #{username,jdbcType=VARCHAR},
      </if>
      <if test="amount != null" >
        #{amount,jdbcType=DOUBLE},
      </if>
      <if test="detail != null" >
        #{detail,jdbcType=VARCHAR},
      </if>
      <if test="updateBy != null" >
        #{updateBy,jdbcType=VARCHAR},
      </if>
      <if test="updateTime != null" >
        #{updateTime,jdbcType=TIMESTAMP},
      </if>
    </trim>
  </insert>
  <update id="updateByPrimaryKeySelective" parameterType="bhz.entity.Pay" >
    update pay
    <set >
      <if test="username != null" >
        username = #{username,jdbcType=VARCHAR},
      </if>
      <if test="amount != null" >
        amount = #{amount,jdbcType=DOUBLE},
      </if>
      <if test="detail != null" >
        detail = #{detail,jdbcType=VARCHAR},
      </if>
      <if test="updateBy != null" >
        update_by = #{updateBy,jdbcType=VARCHAR},
      </if>
      <if test="updateTime != null" >
        update_time = #{updateTime,jdbcType=TIMESTAMP},
      </if>
    </set>
    where userid = #{userid,jdbcType=VARCHAR}
  </update>
  <update id="updateByPrimaryKey" parameterType="bhz.entity.Pay" >
    update pay
    set username = #{username,jdbcType=VARCHAR},
      amount = #{amount,jdbcType=DOUBLE},
      detail = #{detail,jdbcType=VARCHAR},
      update_by = #{updateBy,jdbcType=VARCHAR},
      update_time = #{updateTime,jdbcType=TIMESTAMP}
    where userid = #{userid,jdbcType=VARCHAR}
  </update>
</mapper>