<?xml version="1.0" encoding="UTF-8"?>
<beans xmlns:xsi="http://www.w3.org/2001/XMLSchema-instance" xmlns="http://www.springframework.org/schema/beans"
    xmlns:context="http://www.springframework.org/schema/context" xmlns:tx="http://www.springframework.org/schema/tx"
    xsi:schemaLocation="
	http://www.springframework.org/schema/beans http://www.springframework.org/schema/beans/spring-beans.xsd
	http://www.springframework.org/schema/context http://www.springframework.org/schema/context/spring-context.xsd
	http://www.springframework.org/schema/tx http://www.springframework.org/schema/tx/spring-tx.xsd">
    
    <bean class="org.springframework.web.servlet.mvc.method.annotation.RequestMappingHandlerMapping" />
    <bean class="org.springframework.web.servlet.mvc.method.annotation.RequestMappingHandlerAdapter">
        <property name="webBindingInitializer">
            <bean class="bhz.editor.CustomWebBindingInitializer" />
        </property>
    </bean>
	<!--  
    <bean id="multipartResolver" class="org.springframework.web.multipart.commons.CommonsMultipartResolver">
        <property name="defaultEncoding" value="${env.defaultEncoding}" />
        <property name="maxInMemorySize" value="${upload.maxMemSize}" />
        <property name="maxUploadSize" value="${upload.maxFileSize}" />
        <property name="uploadTempDir" value="${upload.tempDir}" />
    </bean>
    -->  
	
    <bean id="pageResolver" class="org.springframework.web.servlet.view.InternalResourceViewResolver">
        <property name="viewClass" value="org.springframework.web.servlet.view.JstlView" />
        <property name="prefix" value="/WEB-INF/pages/" />
        <property name="suffix" value=".jsp" />
        <property name="order" value="1" />
    </bean>

    <tx:annotation-driven transaction-manager="txManager" />
    <context:component-scan base-package="bhz.web" />

</beans>