<?xml version="1.0" encoding="UTF-8"?>
<beans xmlns="http://www.springframework.org/schema/beans"
	xmlns:xsi="http://www.w3.org/2001/XMLSchema-instance" xmlns:context="http://www.springframework.org/schema/context"
	xmlns:tx="http://www.springframework.org/schema/tx" xmlns:aop="http://www.springframework.org/schema/aop"
	xsi:schemaLocation="
http://www.springframework.org/schema/beans 
http://www.springframework.org/schema/beans/spring-beans-3.0.xsd 
http://www.springframework.org/schema/tx 
http://www.springframework.org/schema/tx/spring-tx-3.0.xsd
http://www.springframework.org/schema/aop 
http://www.springframework.org/schema/aop/spring-aop-3.0.xsd
http://www.springframework.org/schema/context http://www.springframework.org/schema/context/spring-context-3.0.xsd
">

	<!-- 配置数据源 -->
	<bean name="dataSource" class="com.alibaba.druid.pool.DruidDataSource"
		init-method="init" destroy-method="close">
		<!-- 基本属性 url、user、password -->
		<property name="url" value="${datasource.url}" />
		<property name="username" value="${datasource.username}" />
		<property name="password" value="${datasource.password}" />

		<!-- 配置初始化大小、最小、最大 -->
		<property name="initialSize" value="${druid.initialSize}" />
		<property name="minIdle" value="${druid.minIdle}" />
		<property name="maxActive" value="${druid.maxActive}" />

		<!-- 配置获取连接等待超时的时间 -->
		<property name="maxWait" value="${druid.maxWait}" />

		<!-- 配置间隔多久才进行一次检测，检测需要关闭的空闲连接，单位是毫秒 -->
		<property name="timeBetweenEvictionRunsMillis" value="${druid.timeBetweenEvictionRunsMillis}" />

		<!-- 配置一个连接在池中最小生存的时间，单位是毫秒 -->
		<property name="minEvictableIdleTimeMillis" value="${druid.minEvictableIdleTimeMillis}" />

		<!-- 配置连接池的测试开关 -->
		<property name="validationQuery" value="${druid.validationQuery}" />
		<property name="testWhileIdle" value="${druid.testWhileIdle}" />
		<property name="testOnBorrow" value="${druid.testOnBorrow}" />
		<property name="testOnReturn" value="${druid.testOnReturn}" />

		<!-- 打开PSCache，并且指定每个连接上PSCache的大小 -->
		<property name="poolPreparedStatements" value="${druid.poolPreparedStatements}" />
		<property name="maxPoolPreparedStatementPerConnectionSize"
			value="${druid.maxPoolPreparedStatementPerConnectionSize}" />

		<!--关闭长时间不使用的连接 -->
		<property name="removeAbandoned" value="${druid.removeAbandoned}" />
		<!-- 单位：秒 -->
		<property name="removeAbandonedTimeout" value="${druid.removeAbandonedTimeout}" />
		<!-- 关闭abanded连接时输出错误日志 -->
		<property name="logAbandoned" value="${druid.logAbandoned}" />

		<!-- 配置监控统计拦截的filters -->
		<property name="filters" value="${druid.filters}" />

	</bean>

	<!-- myBatis文件 -->
	<bean id="sqlSessionFactory" class="org.mybatis.spring.SqlSessionFactoryBean">
		<property name="dataSource" ref="dataSource" />
		<property name="configLocation" value="classpath:mybatis-config.xml" />
		<!-- 自动扫描entity目录, 省掉Configuration.xml里的手工配置 -->
		<property name="mapperLocations" value="classpath:bhz/mapper/*.xml" />
	</bean>

	<bean class="org.mybatis.spring.mapper.MapperScannerConfigurer">
		<property name="basePackage" value="bhz" />
		<property name="sqlSessionFactoryBeanName" value="sqlSessionFactory" />
	</bean>


	<!-- 配置事务管理器 -->
	<bean id="transactionManager"
		class="org.springframework.jdbc.datasource.DataSourceTransactionManager">
		<property name="dataSource" ref="dataSource" />
	</bean>

	<!-- 注解方式配置事物 -->
	<tx:annotation-driven transaction-manager="transactionManager" />


	<!-- 配置druid监控spring jdbc -->
	<bean id="druid-stat-interceptor"
		class="com.alibaba.druid.support.spring.stat.DruidStatInterceptor">
	</bean>
	<bean id="druid-stat-pointcut" class="org.springframework.aop.support.JdkRegexpMethodPointcut"
		scope="prototype">
		<property name="patterns">
			<list>
				<value>bhz.service</value>
			</list>
		</property>
	</bean>

	<aop:config>
		<aop:advisor advice-ref="druid-stat-interceptor"
			pointcut-ref="druid-stat-pointcut" />
	</aop:config>
</beans>